"管理番号","ユーザID","表示順","主要研究発表順位","学内分類コード","学内分類","会議種別コード","会議種別","記述言語コード","記述言語","会議区分コード","会議区分","単独・共同区分コード","単独・共同区分","タイトル（日本語）","タイトル（英語）","講演者（日本語）","講演者（英語）","会議名（日本語）","会議名（英語）","開催年月日（年）","開催年月日（月）","開催年月日（日）","招待の有無コード","招待の有無","主催者（日本語）","主催者（英語）","開催地（日本語）","開催地（英語）","URL","CiNii","OpenDepo WekoID","概要（日本語）","概要（英語）","備考（日本語）","備考（英語）","本学HPからの公開選択,"本学ＨＰからの公開","researchmapへの提供","reearchmapへの提供","本人更新日","削除フラグ","削除"
"","kitahara.tetsurou","","","","学会発表","","","","英語","","国内会議","","共同","","ストリートダンスにおけるアクセントの踊り分けの分析","","志村陸,土田修平,and 北原鉄朗","","Entertainment Computing 2024","2024","9","","","","無","","","","","","","","","","","","","公開","","提供(公開)",
"","kitahara.tetsurou","","","","学会発表","","","","英語","","国内会議","","共同","","ギター音源からベース音源の生成：NMFを用いた改善の検討","","香西智雄,小口純矢,and 北原鉄朗","","第141回音楽情報科学研究発表会 (MUS141)","2024","8","","","","無","","","","","","","","","","","","","公開","","提供(公開)",
"","kitahara.tetsurou","","","","学会発表","","","","日本語","","国内会議","","共同","スケール練習のための楽譜生成システムの試作","","大川 真由子,姜 楊禹辰,北原 鉄朗","","インタラクション2024（インタラクティブ発表）","","2024","3","","","","無","","","","","","","","","","","","","公開","","提供(公開)",
"","kitahara.tetsurou","","","","学会発表","","","","日本語","","国内会議","","共同","ハモリパート練習支援システムのための音響信号を対象とした副旋律生成の検討","","福田 康太,川原 未波,北原 鉄朗","","インタラクション2024（インタラクティブ発表）","","2024","3","","","","無","","","","","","","","","","","","","公開","","提供(公開)",
"","kitahara.tetsurou","","","","学会発表","","","","日本語","","国内会議","","共同","GPT-4を用いた配信動画中のQ＆A切り抜きを目指して","","岡崎 光栄,刀祢 賢志,与那嶺 あきお,北原 鉄朗","","インタラクション2024（インタラクティブ発表）","","2024","3","","","","無","","","","","","","","","","","","","公開","","提供(公開)",
"","kitahara.tetsurou","","","","学会発表","","","","日本語","","国内会議","","共同","ヒップホップ風編曲に向けた一検討","","北原瑠伊,北原鉄朗","","情報処理学会 第86回全国大会","","2024","3","","","","無","","","","","","","","","","","","","公開","","提供(公開)",
"","kitahara.tetsurou","","","","学会発表","","","","日本語","","国内会議","","共同","主旋律と和音を同時に演奏するソロギターのためのタブ譜生成システム","","坂井俊亮,瀬川日向,北原鉄朗","","情報処理学会 第86回全国大会","","2024","3","","","","無","","","","","","","","","","","","","公開","","提供(公開)",
"","kitahara.tetsurou","","","","学会発表","","","","日本語","","国内会議","","共同","押弦位置の変更によるギター初心者向け簡略化タブ譜の生成","","瀬川日向,坂井俊亮,北原鉄朗","","情報処理学会 第86回全国大会","","2024","3","","","","無","","","","","","","","","","","","","公開","","提供(公開)",
"","kitahara.tetsurou","","","","学会発表","","","","日本語","","国内会議","","共同","ハウスミュージックの楽曲構成を決定する要因の調査","","ウルフ ジャスティン智也,北原鉄朗","","情報処理学会 第86回全国大会","","2024","3","","","","無","","","","","","","","","","","","","公開","","提供(公開)",
"","kitahara.tetsurou","","","","学会発表","","","","日本語","","国内会議","","共同","サッカーにおける選手位置とパスコースの可聴化システム","","奥田真輝,北原鉄朗","","情報処理学会 第86回全国大会","","2024","3","","","","無","","","","","","","","","","","","","公開","","提供(公開)",
"","kitahara.tetsurou","","","","学会発表","","","","日本語","","国内会議","","共同","モーフィングを用いたドラムループ素材の生成","","川原瑞樹,香西智雄,北原鉄朗","","情報処理学会 第86回全国大会","","2024","3","","","","無","","","","","","","","","","","","","公開","","提供(公開)",
"","kitahara.tetsurou","","","","学会発表","","","","日本語","","国内会議","","共同","フルート支援システムのための音響分析: 決定木と線形回帰を用いた自動評価の検討","","大下沙偉,大澤智恵,北原鉄朗","","日本音響学会音楽音響研究会資料","","2024","2","","","","無","","","","","","","","","","","","","公開","","提供(公開)",
"","kitahara.tetsurou","","","","学会発表","","","","日本語","","国内会議","","共同","フルートの支援システムのための音響分析：演奏音の自動分類の検討","","大下 沙偉,大澤 智恵,北原 鉄朗","","日本音響学会2023年秋季研究発表会","","2023","9","","","","無","","","","","","","","","","","","","公開","","提供(公開)",
"","kitahara.tetsurou","","","","学会発表","","","","日本語","","国内会議","","共同","ゲーム映像からBGMを予測するための機械学習モデル","","林 龍星,北原 鉄朗","","日本音響学会2023年秋季研究発表会","","2023","9","","","","無","","","","","","","","","","","","","公開","","提供(公開)",
"","kitahara.tetsurou","","","","学会発表","","","","日本語","","国内会議","","共同","クロマグラムとCNNを用いたギター音源からベース音源の生成の試み","","香西 智雄,北原 鉄朗","","日本音響学会2023年秋季研究発表会","","2023","9","","","","無","","","","","","","","","","","","","公開","","提供(公開)",
"","kitahara.tetsurou","","","","学会発表","","","","日本語","","国内会議","","共同","盛り上がり度に基づくループシーケンサ：Webアプリ化のためのフロントエンドの実装","","岩本 祐輝,尾上 洋介,北原 鉄朗","","日本音響学会2023年秋季研究発表会","","2023","9","","","","無","","","","","","","","","","","","","公開","","提供(公開)",
"","kitahara.tetsurou","","","","学会発表","","","","日本語","","国内会議","","共同","CNN-VAEを用いたドラム音源のモーフィングの試み","","川原瑞樹,奥田真輝,香西智雄,北原鉄朗","","音学シンポジウム2023","","2023","6","","","","無","","","","","","","","","","","","","公開","","提供(公開)",
"","kitahara.tetsurou","","","","学会発表","","","","日本語","","国内会議","","共同","盛り上がりに基づくループシーケンサのWeb実装","","岩本祐輝,尾上洋介,北原 鉄朗","","情報処理学会 第85回全国大会講演論文集","","2023","3","","","","無","","","","","","","","","","","","","公開","","提供(公開)",
"","kitahara.tetsurou","","","","学会発表","","","","日本語","","国内会議","","共同","メロディの覚えやすさに関する分析","","増田 航,饗庭絵里子,北原 鉄朗","","情報処理学会 第85回全国大会講演論文集","","2023","3","","","","無","","","","","","","","","","","","","公開","","提供(公開)",
"","kitahara.tetsurou","","","","学会発表","","","","日本語","","国内会議","","共同","スマートフォンのセンサーを用いた無観客ライブの応援システム開発","","和山大輝,北原 鉄朗","","情報処理学会 第85回全国大会講演論文集","","2023","3","","","","無","","","","","","","","","","","","","公開","","提供(公開)",
"","kitahara.tetsurou","","","","学会発表","","","","日本語","","国内会議","","共同","ジャズ音楽のピアノ演奏における発音時刻の分析","","森田果歩,北原 鉄朗","","情報処理学会 第85回全国大会講演論文集","","2023","3","","","","無","","","","","","","","","","","","","公開","","提供(公開)",
"","kitahara.tetsurou","","","","学会発表","","","","日本語","","国内会議","","共同","バンド編曲に向けたギター音源からベース音源を生成するCNNモデル","","香西智雄,北原 鉄朗","","情報処理学会 第85回全国大会講演論文集","","2023","3","","","","無","","","","","","","","","","","","","公開","","提供(公開)",
"","kitahara.tetsurou","","","","学会発表","","","","日本語","","国内会議","","共同","歌唱者ダイアライゼーションに向けた歌唱者識別手法の比較","","田中麻衣,北原 鉄朗","","情報処理学会 第85回全国大会講演論文集","","2023","3","","","","無","","","","","","","","","","","","","公開","","提供(公開)",
"","kitahara.tetsurou","","","","学会発表","","","","日本語","","国内会議","","共同","フルート演奏支援システムのための音響分析：演奏音収集方法の再検討","","大下沙偉,大澤智恵,北原 鉄朗","","情報処理学会 第85回全国大会講演論文集","","2023","3","","","","無","","","","","","","","","","","","","公開","","提供(公開)",
"","kitahara.tetsurou","","","","学会発表","","","","日本語","","国内会議","","共同","初心者のギター練習のためのタブ譜生成の試み","","坂井 俊亮,瀬川 日向,北原 鉄朗","","インタラクション2023（インタラクティブ発表）","","2023","3","","","","無","","","","","","","","","","","","","公開","","提供(公開)",
"","kitahara.tetsurou","","","","学会発表","","","","日本語","","国内会議","","共同","ハウスミュージックの楽曲構成の分析","","ウルフ ジャスティン智也,名越 崇晃,北原 鉄朗","","インタラクション2023（インタラクティブ発表）","","2023","3","","","","無","","","","","","","","","","","","","公開","","提供(公開)",
"","kitahara.tetsurou","","","","学会発表","","","","日本語","","国内会議","","共同","選手間の位置関係に基づいたサッカーの可聴化の試み","","奥田 真輝,川原 瑞樹,北原 鉄朗","","インタラクション2023（インタラクティブ発表）","","2023","3","","","","無","","","","","","","","","","","","","公開","","提供(公開)",
"","kitahara.tetsurou","","","","学会発表","","","","日本語","","国内会議","","共同","多人数演奏楽譜から連弾譜への自動編曲","","島村 美羽,阿久井 愛,北原 鉄朗","","日本音響学会 2022年 春季研究発表会","","2022","3","","","","無","","","","","","","","","","","","","公開","","提供(公開)",
"","kitahara.tetsurou","","","","学会発表","","","","日本語","","国内会議","","共同","Jpopのラテン風ピアノ編曲システムの試作","","阿久井 愛,島村 美羽,北原 鉄朗","","日本音響学会 2022年 春季研究発表会","","2022","3","","","","無","","","","","","","","","","","","","公開","","提供(公開)",
"","kitahara.tetsurou","","","","学会発表","","","","日本語","","国内会議","","共同","GTTM分析のオープンソース実装","","山川 峻,北原 鉄朗","","日本音響学会 2022年 春季研究発表会","","2022","3","","","","無","","","","","","","","","","","","","公開","","提供(公開)",
"","kitahara.tetsurou","","","","学会発表","","","","日本語","","国内会議","","共同","フルート練習システム構築のための音響分析","","大下 沙偉,北原 鉄朗","","日本音響学会 2022年 春季研究発表会","","2022","3","","","","無","","","","","","","","","","","","","公開","","提供(公開)",
"","kitahara.tetsurou","","","","学会発表","","","","日本語","","国内会議","","共同","PC用キーボードを用いた演奏システムの試作","","次田 直樹,北原 鉄朗","","情報処理学会 第197回 ヒューマンコンピュータインタラクション研究会","","2022","3","","","","無","","","","","","","","","","","","","公開","","提供(公開)",
"","kitahara.tetsurou","","","","学会発表","","","","日本語","","国内会議","","共同","振りのタイミングを評価するダンス練習システム","","杉浦 磨矢,北原 鉄朗","","情報処理学会 第197回 ヒューマンコンピュータインタラクション研究会","","2022","3","","","","無","","","","","","","","","","","","","公開","","提供(公開)",
"","kitahara.tetsurou","","","","学会発表","","","","日本語","","国内会議","","共同","盛り上がり度に基づくループシーケンサにおけるユーザ適応の試み","","岩本 祐輝,北原 鉄朗","","情報処理学会 第197回 ヒューマンコンピュータインタラクション研究会","","2022","3","","","","無","","","","","","","","","","","","","公開","","提供(公開)",
"","kitahara.tetsurou","","","","ゲストスピーカ","","","","日本語","","","","単独","誰もが創作を通じて音楽を楽しめる世界を目指して","","北原鉄朗","","音学シンポジウム2021","","2021","6","","","","有","","","","","","","","","","招待講演","","","公開","","提供(公開)",
"","kitahara.tetsurou","","","","ゲストスピーカ","","","","日本語","","","","単独","北原研究室の研究事例紹介：ベーシストの旋律分析とイコライザーの印象分析","","北原鉄朗","","Music×Analytics Meetup #5","","2021","6","","","","有","","","","","","","","","","","","","公開","","提供(公開)",
"","kitahara.tetsurou","","","","学会発表","","","","日本語","","国内会議","","共同","遺伝的アルゴリズムを用いたファミコン風自動編曲システムの生成","","田原花蓮,植村あい子,北原鉄朗","","情報処理学会研究報告 音楽情報科学 (MUS)","","2021","03","","","","無","","","","","","","","","","","","","公開","","提供(公開)",
"","kitahara.tetsurou","","","","学会発表","","","","日本語","","国内会議","","共同","世代間ギャップの解消を目的とした楽曲再生システムの試作","","稲野友哉,北原鉄朗","","情報処理学会研究報告 音楽情報科学 (MUS)","","2021","03","","","","無","","","","","","","","","","","","","公開","","提供(公開)",
"","kitahara.tetsurou","","","","学会発表","","","","日本語","","国内会議","","共同","BGM に含まれる言語が計算課題と読解課題に及ぼす影響","","新沼菫,饗庭絵里子,北原鉄朗","","情報処理学会研究報告 音楽情報科学 (MUS)","","2021","03","","","","無","","","","","","","","","","","","","公開","","提供(公開)",
"","kitahara.tetsurou","","","","学会発表","","","","日本語","","国内会議","","共同","ユーザの演奏のベロシティ変化を考慮するドラム演奏表情付けシステム","","関晋之介,北原鉄朗","","情報処理学会研究報告 音楽情報科学 (MUS)","","2021","03","","","","無","","","","","","","","","","","","","公開","","提供(公開)",
"","kitahara.tetsurou","","","","学会発表","","","","日本語","","国内会議","","共同","ギターの弦を正しく押さえるための初心者支援システム","","古庄優樹,北原鉄朗","","情報処理学会研究報告 音楽情報科学 (MUS)","","2021","03","","","","無","","","","","","","","","","","","","公開","","提供(公開)",
"","kitahara.tetsurou","","","","学会発表","","","","日本語","","国内会議","","共同","スマートフォンを用いた合奏システムの試作","","廣岡彩笑,北原鉄朗","","情報処理学会研究報告 音楽情報科学 (MUS)","","2021","03","","","","無","","","","","","","","","","","","","公開","","提供(公開)",
"","kitahara.tetsurou","","","","学会発表","","","","日本語","","国内会議","","共同","カラオケにおける自動楽曲推薦","","伊藤 健友,北原 鉄朗","","インタラクション2020（インタラクティブ発表）","","2020","3","","","","無","","","","","","","","","","","","","公開","","提供(公開)",
"","kitahara.tetsurou","","","","学会発表","","","","日本語","","国内会議","","共同","BGMの再生速度変化を用いた体幹トレーニング支援システム","","山本 鷹人,北原 鉄朗","","インタラクション2020（インタラクティブ発表）","","2020","3","","","","無","","","","","","","","","","","","","公開","","提供(公開)",
"","kitahara.tetsurou","","","","学会発表","","","","日本語","","国内会議","","共同","動画の盛り上がり度に基づいたループシーケンサ","","安坂 文汰,北原 鉄朗","","インタラクション2020（インタラクティブ発表）","","2020","3","","","","無","","","","","","","","","","","","","公開","","提供(公開)",
"","kitahara.tetsurou","","","","学会発表","","","","日本語","","国内会議","","共同","ピアノ用自動バラード調アレンジシステム","","草地 澪,植村 あい子,北原 鉄朗","","インタラクション2020（インタラクティブ発表）","","2020","3","","","","無","","","","","","","","","","","","","公開","","提供(公開)",
"","kitahara.tetsurou","","","","学会発表","","","","日本語","","国内会議","","共同","音楽と印象に関する一分析","","井上 湧哉,植村 あい子,北原 鉄朗","","情報処理学会研究報告（音楽情報科学）","","2020","2","","","","無","","","","","","","","","","","","","公開","","提供(公開)",
"","kitahara.tetsurou","","","","学会発表","","","","日本語","","国内会議","","共同","運転中の音楽に変化を与え眠気を気付かせるシステム","","阿部 賢人,北原 鉄朗","","情報処理学会 インタラクション2019（インタラクティブ発表）","","2019","3","","","","無","","","","","","","","","","","","","公開","","提供(公開)",
"","kitahara.tetsurou","","","","学会発表","","","","日本語","","国内会議","","共同","旋律概形と筆圧感知を用いた作曲支援システム","","安原 茜,藤井 潤子,北原 鉄朗","","情報処理学会 インタラクション2019（インタラクティブ発表）","","2019","3","","","","無","","","","","","","","","","","","","公開","","提供(公開)",
"","kitahara.tetsurou","","","","学会発表","","","","日本語","","国内会議","","共同","音楽がきっかけとなるコミュニケーション支援システム","","矢ヶ崎 里咲,北原 鉄朗","","情報処理学会 インタラクション2019（インタラクティブ発表）","","2019","3","","","","無","","","","","","","","","","","","","公開","","提供(公開)",
"","kitahara.tetsurou","","","","学会発表","","","","日本語","","国内会議","","共同","アニメの主題歌による類似アニメ検索の検討","","本間 直人,植村 あい子,北原 鉄朗","","情報処理学会 インタラクション2019（インタラクティブ発表）","","2019","3","","","","無","","","","","","","","","","","","","公開","","提供(公開)",
"","kitahara.tetsurou","","","","学会発表","","","","日本語","","国内会議","","共同","ジャズのベースラインの自動生成","","志賀 あゆみ,北原 鉄朗","","日本音響学会 2019年春季研究発表会 講演論文集","","2019","3","","","","無","","","","","","","","","","","","","公開","","提供(公開)",
"","kitahara.tetsurou","","","","学会発表","","","","日本語","","国内会議","","共同","コードモーフィングに基づくリハーモナイゼーションの一検討","","植村 あい子,北原 鉄朗","","日本音響学会 2019年春季研究発表会 講演論文集","","2019","3","","","","無","","","","","","","","","","","","","公開","","提供(公開)",
"","kitahara.tetsurou","","","","学会発表","","","","日本語","","国内会議","","共同","グラフィックイコライザによる音色操作と印象との関係","","増田 誠也,饗庭 絵里子,北原 鉄朗","","日本音響学会 2019年春季研究発表会 講演論文集","","2019","3","","","","無","","","","","","","","","","","","","公開","","提供(公開)",
"","kitahara.tetsurou","","","","学会発表","","","","日本語","","国内会議","","共同","歌詞と音楽が与える印象の分析","","河村 翔太,植村 あい子,北原 鉄朗","","日本音響学会 2019年春季研究発表会 講演論文集","","2019","3","","","","無","","","","","","","","","","","","","公開","","提供(公開)",
"","kitahara.tetsurou","","","","学会発表","","","","日本語","","国内会議","","単独","メロディ生成における生成単位に関する一調査","","北原 鉄朗","","情報処理学会 音楽情報科学 研究報告","","2018","11","","","","無","","","","","","","","","","","","","公開","","提供(公開)",
"","kitahara.tetsurou","","","","学会発表","","","","日本語","","国内会議","","共同","HMDを用いたヴァーチャルなドラム演奏環境の試作：合奏相手を表すヴァーチャルキャラクターの導入","","石山 俊之,北原 鉄朗","","エンタテインメントコンピューティングシンポジウム2018論文集","","2018","9","","","","無","","","","","","","","","","","","","公開","","提供(公開)",
"","kitahara.tetsurou","","","","学会発表","","","","日本語","","国内会議","","共同","音楽情報科学のスーパーヒーローたち! シリーズI","","竹川 佳成,北原 鉄朗",""," 情報処理学会 音楽情報科学 研究報告","","2018","8","","","","無","","","","","","","","","","","","","公開","","提供(公開)",
"","kitahara.tetsurou","","","","学会発表","","","","日本語","","国内会議","","共同","アニメの主題歌による類似アニメ検索の検討","","本間 直人,北原 鉄朗",""," 情報処理学会 音楽情報科学／音声言語情報処理 研究報告（音学シンポジウム2018）","","2018","6","","","","無","","","","","","","","","","","","","公開","","提供(公開)",
"","kitahara.tetsurou","","","","学会発表","","","","日本語","","国内会議","","共同","コード進行に関するモーフィングの初期検討","","植村 あい子,北原 鉄朗",""," 情報処理学会 音楽情報科学／音声言語情報処理 研究報告（音学シンポジウム2018）","","2018","6","","","","無","","","","","","","","","","","","","公開","","提供(公開)",
"","kitahara.tetsurou","","","","学会発表","","","","日本語","","国内会議","","共同","ギター初心者のための演奏練習支援システムの提案","","宇田川真唯,植村 あい子,北原 鉄朗","","情報処理学会 第80回全国大会 講演論文集","","2018","3","","","","無","","","","","","","","","","","","","公開","","提供(公開)",
"","kitahara.tetsurou","","","","学会発表","","","","日本語","","国内会議","","共同","カラオケのためのハモリパート練習システム〜ハモリパートの自動生 成および練習支援システムの試作〜","","白石 美南,小笠原 梢,北原 鉄朗","","情報処理学会 第80回全国大会 講演論文集","","2018","3","","","","無","","","","","","","","","","","","","公開","","提供(公開)",
"","kitahara.tetsurou","","","","学会発表","","","","日本語","","国内会議","","共同","カラオケのためのハモリパート練習支援システム〜試作システムを用 いた被験者実験の報告〜","","小笠原 梢,白石 美南,北原 鉄朗","","情報処理学会 第80回全国大会 講演論文集","","2018","3","","","","無","","","","","","","","","","学生奨励賞受賞","","","公開","","提供(公開)",
"","kitahara.tetsurou","","","","学会発表","","","","日本語","","国内会議","","共同","HMD を用いたヴァーチャルなドラム演奏環境の試作","","蓮井 星良,石山 俊之,北原 鉄朗","","情報処理学会 第80回全国大会 講演論文集","","2018","3","","","","無","","","","","","","","","","","","","公開","","提供(公開)",
"","kitahara.tetsurou","","","","学会発表","","","","日本語","","国内会議","","共同","合いの手「PPPH」が入る楽曲の特徴に関する一分析","","甚野 健太,大野 涼平,北原 鉄朗","","情報処理学会 第80回全国大会 講演論文集","","2018","3","","","","無","","","","","","","","","","","","","公開","","提供(公開)",
"","kitahara.tetsurou","","","","学会発表","","","","日本語","","国内会議","","共同","読書を促進する音楽付き読書アプリの提案","","草野 有沙,西由 佳梨,北原 鉄朗","","情報処理学会 第80回全国大会 講演論文集","","2018","3","","","","無","","","","","","","","","","学生奨励賞受賞","","","公開","","提供(公開)",
"","kitahara.tetsurou","","","","学会発表","","","","日本語","","国内会議","","共同","言語情報を持たない音を用いたヒューマン・エージェント・インタラ クションシステムの開発 ","","棚橋 徹,小林 一樹,北原 鉄朗","","情報処理学会 第80回全国大会 講演論文集","","2018","3","","","","無","","","","","","","","","","","","","公開","","提供(公開)",
"","kitahara.tetsurou","","","","学会発表","","","","日本語","","国内会議","","共同","雑音が記憶や作業に与える影響に関する一調査","","松下 禎希,大野 涼平,北原 鉄朗","","日本音響学会 2018年春季研究発表会 講演論文集","","2018","3","","","","無","","","","","","","","","","","","","公開","","提供(公開)",
"","kitahara.tetsurou","","","","学会発表","","","","日本語","","国内会議","","共同","イビキ音のマスキングに関する一検討","","伊藤 春菜,棚橋 徹,北原 鉄朗","","日本音響学会 2018年春季研究発表会 講演論文集","","2018","3","","","","無","","","","","","","","","","","","","公開","","提供(公開)",
"","kitahara.tetsurou","","","","学会発表","","","","日本語","","国内会議","","共同","話者適応型 RBM を用いたユーザが所望するかわいい音声への声質変換","","大野 涼平,高道 慎之介,森勢 将雅,北原 鉄朗","","日本音響学会 2018年春季研究発表会 講演論文集","","2018","3","","","","無","","","","","","","","","","","","","公開","","提供(公開)",
"","kitahara.tetsurou","","","","学会発表","","","","日本語","","国内会議","","共同","JamGesture:スマートフォンを用いた身体動作による即興演奏支援システム","","水野 創太,白松 俊,北原 鉄朗,一ノ瀬 修吾","","情報処理学会 音楽情報科学 研究報告","","2017","11","","","","無","","","","","","","","","","","","","公開","","提供(公開)",
"","kitahara.tetsurou","","","","学会発表","","","","日本語","","国内会議","","共同","音声の「かわいさ」における主観的傾向の一分析","","大野 涼平,高道 慎之介,森勢 将雅,北原 鉄朗","","日本音響学会2017年秋季研究発表会講演論文集","","2017","9","","","","無","","","","","","","","","","","","","公開","","提供(公開)",
"","kitahara.tetsurou","","","","学会発表","","","","日本語","","国内会議","","共同","HMDを用いたヴァーチャルなドラム演奏環境の試作","","石山 俊之,蓮井 星良,北原 鉄朗","","エンターテインメントコンピューティングシンポジウム2017論文集","","2017","9","","","","無","","","","","","","","","","","","","公開","","提供(公開)",
"","kitahara.tetsurou","","","","学会発表","","","","日本語","","国内会議","","共同","電子音の認識のためのJavaScriptライブラリの開発","","栗原 一貴,板谷 あかり,植村 あい子,北原 鉄朗","","エンタテインメントコンピューティングシンポジウム2017論文集","","2017","9","","","","無","","","","","","","","","","プレミアムペーパー","","","公開","","提供(公開)",
"","kitahara.tetsurou","","","","学会発表","","","","日本語","","国内会議","","共同","外国語音声を好みの声質にかえる技術の検討 - 聞きつづけたくなる外国語教材をめざして -","","南條 浩輝,高道 慎之介,北原 鉄朗,森勢 将雅","","情報処理学会 音楽情報科学 研究報告（音学シンポジウム2017）","","2017","6","","","","無","","","","","","","","","","","","","公開","","提供(公開)",
"","kitahara.tetsurou","","","","学会発表","","","","日本語","","国内会議","","共同","LSTMを用いた四声体和声の生成","","山田 竜郎,北原 鉄朗,有江 浩明,尾形 哲也","","人工知能学会第31回全国大会（JSAI 2017）","","2017","5","","","","無","","","","","","","","","","","","","公開","","提供(公開)",
"","kitahara.tetsurou","","","","学会発表","","","","日本語","","国内会議","","共同","演奏未経験者のためのスマートフォンセンサーを用いた即興合奏支援システムの試作","","水野 創太,一ノ瀬 修吾,白松 俊,北原 鉄朗","","人工知能学会第31回全国大会（JSAI 2017）","","2017","5","","","","無","","","","","","","","","","","","","公開","","提供(公開)",
"","kitahara.tetsurou","","","","学会発表","","","","日本語","","国内会議","","共同","パネルディスカッション：人工知能は作曲家／演奏家になれるか?","","平田 圭二,伊藤 貴之,北原 鉄朗,深山 覚,今井 慎太郎,持橋 大地","","人工知能学会第31回全国大会（JSAI 2017）","","2017","5","","","","無","","","","","","","","","","","","","公開","","提供(公開)",
"","kitahara.tetsurou","","","","ゲストスピーカ","","","","日本語","","","","","人工知能は作曲家／演奏家になれるか?","","","","2017年人工知能学会全国大会","","2017","5","","","","有","","","","","","","","","","","","","公開","","提供(公開)",
"","kitahara.tetsurou","","","","学会発表","","","","日本語","","国内会議","","共同","曲線描画に基づく即興演奏支援システム","","北原 鉄朗,Sergio Giraldo,Rafael Ramirez","","情報処理学会 インタラクション2017（インタラクティブ発表）","","2017","3","","","","無","","","","","","","","","","","","","公開","","提供(公開)",
"","kitahara.tetsurou","","","","学会発表","","","","日本語","","国内会議","","共同","スマートフォンセンサーを用いた即興合奏のための身体動作認識機構の試作","","水野 創太,一ノ瀬 修吾,白松 俊,北原 鉄朗","","情報処理学会 インタラクション2017（インタラクティブ発表）","","2017","3","","","","無","","","","","","","","","","","","","公開","","提供(公開)",
"","kitahara.tetsurou","","","","学会発表","","","","日本語","","国内会議","","共同","男性両声類の女声らしさに関わる特徴量の分析","","長谷川 翔太,大野 涼平,北原 鉄朗","","日本音響学会 2017年春季研究発表会 講演論文集","","2017","3","","","","無","","","","","","","","","","","","","公開","","提供(公開)",
"","kitahara.tetsurou","","","","学会発表","","","","日本語","","国内会議","","共同","統計的声質変換における印象変化の調査","","大野 涼平,高道 慎之介,森勢 将雅,北原 鉄朗","","日本音響学会 2017年春季研究発表会 講演論文集","","2017","3","","","","無","","","","","","","","","","","","","公開","","提供(公開)",
"","kitahara.tetsurou","","","","学会発表","","","","日本語","","国内会議","","共同","パターン認識を用いた特定のベーシストの特徴の分析","","松浦 佳輝,棚橋 徹,北原 鉄朗","","情報処理学会 第79回全国大会","","2017","3","","","","無","","","","","","","","","","","","","公開","","提供(公開)",
"","kitahara.tetsurou","","","","学会発表","","","","日本語","","国内会議","","共同","ピアノ練習支援のための楽譜表示システムの試作","","島田 彩女,松村 ひかる,森尻 有貴,北原 鉄朗","","情報処理学会 第79回全国大会","","2017","3","","","","無","","","","","","","","","","学生奨励賞 受賞","","","公開","","提供(公開)",
"","kitahara.tetsurou","","","","学会発表","","","","日本語","","国内会議","","共同","音によるヒューマン・エージェント・インタラクションのためのプロトタイプシステムの試作","","棚橋 徹,小林 一樹,北原 鉄朗","","情報処理学会 第79回全国大会","","2017","3","","","","無","","","","","","","","","","学生奨励賞 受賞","","","公開","","提供(公開)",
"","kitahara.tetsurou","","","","学会発表","","","","日本語","","国内会議","","共同","即興合奏支援システムのためのスマートフォンセンサーを用いた身体動作認識手法","","水野 創太,白松 俊,一ノ瀬 修吾,北原 鉄朗","","情報処理学会 第79回全国大会","","2017","3","","","","無","","","","","","","","","","","","","公開","","提供(公開)",
"","kitahara.tetsurou","","","","学会発表","","","","日本語","","国内会議","","共同","スマートタンバリン：音と光で場を盛り上げるカラオケ支援システム","","栗原 拓也,横溝 有希子,竹腰 美夏,馬場 哲晃,北原 鉄朗","","情報処理学会 音楽情報科学 研究報告","","2017","2","","","","無","","","","","","","","","","","","","公開","","提供(公開)",
"","kitahara.tetsurou","","","","学会発表","","","","日本語","","国内会議","","共同","複数ユーザー間での楽曲推薦を実現するミュージックプレイヤー：楽曲類似度の導入と有効性の検証","","鈴木 潤一,北原 鉄朗","","情報処理学会 音楽情報科学 研究報告","","2017","2","","","","無","","","","","","","","","","","","","公開","","提供(公開)",
"","kitahara.tetsurou","","","","学会発表","","","","日本語","","国内会議","","単独","音符表現によらない旋律の木構造表現の検討（第2報）","","北原 鉄朗","","人工知能学会第30回全国大会（JSAI2016）","","2016","6","","","","無","","","","","","","","","","","","","公開","","提供(公開)",
"","kitahara.tetsurou","","","","学会発表","","","","日本語","","国内会議","","共同","旋律の微分と簡約の導入","","平田 圭二,大村 英史,北原 鉄朗","","人工知能学会第30回全国大会（JSAI2016）","","2016","6","","","","無","","","","","","","","","","","","","公開","","提供(公開)",
"","kitahara.tetsurou","","","","学会発表","","","","日本語","","国内会議","","共同","音声の韻律分析及び表情の特徴抽出による面接支援システム","","棚橋 徹,高屋敷 弓恵,北原 鉄朗","","情報処理学会 音楽情報科学 研究報告","","2016","5","","","","無","","","","","","","","","","","","","公開","","提供(公開)",
"","kitahara.tetsurou","","","","学会発表","","","","日本語","","国内会議","","共同","音声における「かわいらしさ」の知覚と聴取時間の関係性の検討","","大野 涼平,森勢 将雅,北原 鉄朗","","情報処理学会 音楽情報科学 研究報告","","2016","5","","","","無","","","","","","","","","","学生奨励賞受賞","","","公開","","提供(公開)",
"","kitahara.tetsurou","","","","学会発表","","","","日本語","","国内会議","","共同","カラオケにおける音痴の改善支援のための予備調査","","小泉　遼,岩崎　順,長村佳祐,北原 鉄朗","","情報処理学会 第78回全国大会","","2016","3","","","","無","","","","","","","","","","学生奨励賞受賞","","","公開","","提供(公開)",
"","kitahara.tetsurou","","","","学会発表","","","","日本語","","国内会議","","共同","カラオケを盛り上げるためのタンバリン演奏支援システム：複数人プレイへの対応","","栗原拓也,横溝有希子,竹腰美夏,馬場哲晃,北原 鉄朗","","情報処理学会 第78回全国大会","","2016","3","","","","無","","","","","","","","","","","","","公開","","提供(公開)",
"","kitahara.tetsurou","","","","学会発表","","","","日本語","","国内会議","","共同","ギター弾き語り演奏を入力した自動編曲システムの試作","","大内彬裕,北原 鉄朗","","情報処理学会 第78回全国大会","","2016","3","","","","無","","","","","","","","","","","","","公開","","提供(公開)",
"","kitahara.tetsurou","","","","学会発表","","","","日本語","","国内会議","","共同","Androidを用いた演劇支援のためのUnity3Dアプリケーションの開発","","中條早織,豊田裕也,北原 鉄朗","","情報処理学会 第78回全国大会","","2016","3","","","","無","","","","","","","","","","","","","公開","","提供(公開)",
"","kitahara.tetsurou","","","","学会発表","","","","日本語","","国内会議","","共同","面接技能向上のための自己PR支援システム","","高屋敷弓恵,棚橋　徹,北原 鉄朗","","情報処理学会 第78回全国大会","","2016","3","","","","無","","","","","","","","","","","","","公開","","提供(公開)",
"","kitahara.tetsurou","","","","学会発表","","","","日本語","","国内会議","","共同","友人同士で好みの楽曲を聴かせ合うスマートフォン用ミュージックプレイヤー：楽曲推薦手法の一改善","","鈴木潤一,北原 鉄朗","","情報処理学会 第78回全国大会","","2016","3","","","","無","","","","","","","","","","","","","公開","","提供(公開)",
"","kitahara.tetsurou","","","","学会発表","","","","日本語","","国内会議","","共同","アニメ風音声への加工のための韻律分析","","大野 涼平,森勢 将雅,北原 鉄朗","","日本音響学会 2016年春季研究発表会 講演論文集","","2016","3","","","","無","","","","","","","","","","","","","公開","","提供(公開)",
"","kitahara.tetsurou","","","","学会発表","","","","日本語","","国内会議","","共同","トランペット演奏時の口唇周囲および腹部の筋活動と音響的特徴の関係","","佐藤 愛,北原 鉄朗,寺澤 洋子,松原 正樹","","日本音響学会 2016年春季研究発表会 講演論文集","","2016","3","","","","無","","","","","","","","","","","","","公開","","提供(公開)",
"","kitahara.tetsurou","","","","学会発表","","","","日本語","","国内会議","","共同","「Wiiタンバリン」を用いたタンバリン演奏支援機能付きカラオケシステム","","栗原 拓也,木下 尚洋,山口 竜之介,北原 鉄朗","","エンタテインメントコンピューティングシンポジウム2015論文集","","2015","9","","","","無","","","","","","","","","","","","","公開","","提供(公開)",
"","kitahara.tetsurou","","","","学会発表","","","","日本語","","国内会議","","共同","友人同士で好みの楽曲を聴かせ合うスマートフォン用ミュージックプレイヤー","","鈴木 潤一,末次 尚之,北原 鉄朗","","エンタテインメントコンピューティングシンポジウム2015論文集","","2015","9","","","","無","","","","","","","","","","","","","公開","","提供(公開)",
"","kitahara.tetsurou","","","","学会発表","","","","日本語","","国内会議","","共同","韻律変換実現のための一試行：高橋みなみ風の音声を小嶋陽菜風に変えてみた","","大野 涼平,北原 鉄朗","","エンタテインメントコンピューティングシンポジウム2015論文集","","2015","9","","","","無","","","","","","","","","","","","","公開","","提供(公開)",
"","kitahara.tetsurou","","","","ゲストスピーカ","","","","日本語","","","","","パネルディスカッション「エンターテインメントを深化させる音楽情報処理研究」","","","","Computer Entertainment Developers Conference (CEDEC 2015)","","2015","8","","","","有","","","","","","","","","","","","","公開","","提供(公開)",
"","kitahara.tetsurou","","","","学会発表","","","","日本語","","国内会議","","単独","音符表現によらない旋律の木構造表現の予備検討","","北原 鉄朗","","人工知能学会第29回全国大会","","2015","5","","","","無","","","","","","","","","","","","","公開","","提供(公開)",
"","kitahara.tetsurou","","","","学会発表","","","","日本語","","国内会議","","共同","周囲の雑音に基づき音量調節を行う音声対話システム:セミブラインド音源分離の導入の検討","","小暮計貴,北原 鉄朗","","情報処理学会第77回全国大会","","2015","3","","","","無","","","","","","","","","","","","","公開","","提供(公開)",
"","kitahara.tetsurou","","","","学会発表","","","","日本語","","国内会議","","共同","手書き入力で盛り上がりをコントロールするループシーケンサ：スペクトログラムからの盛り上がり度の自動割り振り","","飯島孔右,鶴岡亜也佳,北原 鉄朗","","情報処理学会第77回全国大会","","2015","3","","","","無","","","","","","","","","","","","","公開","","提供(公開)",
"","kitahara.tetsurou","","","","学会発表","","","","日本語","","国内会議","","共同","複数ユーザー間での楽曲推薦を実現するミュージックプレイヤー","","鈴木潤一,末次尚之,北原 鉄朗","","情報処理学会第77回全国大会","","2015","3","","","","無","","","","","","","","","","学生奨励賞受賞","","","公開","","提供(公開)",
"","kitahara.tetsurou","","","","学会発表","","","","日本語","","国内会議","","共同","カラオケを盛り上げるためのタンバリン演奏支援システム","","木下尚洋,栗原拓也,山口竜之介,北原 鉄朗","","情報処理学会第77回全国大会","","2015","3","","","","無","","","","","","","","","","","","","公開","","提供(公開)",
"","kitahara.tetsurou","","","","学会発表","","","","日本語","","国内会議","","共同","MIDIギターと音響信号処理の統合によるギター演奏の自動採譜の検討","","大塚匡紀,北原 鉄朗","","情報処理学会第77回全国大会","","2015","3","","","","無","","","","","","","","","","","","","公開","","提供(公開)",
"","kitahara.tetsurou","","","","ゲストスピーカ","","","","日本語","","","","単独","大学で働く研究者","","北原 鉄朗","","日本音響学会2015年春季研究発表会 ビギナーズセミナー","","2015","3","","","","有","","","","","","","","","","","","","公開","","提供(公開)",
"","kitahara.tetsurou","","","","ゲストスピーカ","","","","日本語","","","","単独","計算機を用いた音楽創作支援の現状","","北原 鉄朗","","計測自動制御学会 先端電子計測部会講演会","","2014","11","","","","有","","","","","","","","","","","","","公開","","提供(公開)",
"","kitahara.tetsurou","","","","学会発表","","","","日本語","","国内会議","","共同","旋律を簡約・操作する一手法","","北原 鉄朗,土屋 裕一","","人工知能学会第28回全国大会","","2014","5","","","","無","","","","","","","","","","","","","公開","","提供(公開)",
"","kitahara.tetsurou","","","","学会発表","","","","日本語","","国内会議","","共同","MIDIギターの精度向上を目指した音響信号処理の検討","","大塚 匡紀,北原 鉄朗","","情報処理学会 音楽情報科学 研究報告","","2014","5","","","","無","","","","","","","","","","","","","公開","","提供(公開)",
"","kitahara.tetsurou","","","","学会発表","","","","日本語","","国内会議","","共同","周囲の雑音やユーザーの聞き返しに基づいて音量調節を行う音声対話システム","","小暮 計貴,北原 鉄朗","","情報処理学会 音楽情報科学 研究報告","","2014","5","","","","無","","","","","","","","","","","","","公開","","提供(公開)",
"","kitahara.tetsurou","","","","学会発表","","","","日本語","","国内会議","","共同","トランペット演奏時における音響特徴量から筋活動量への変換","","松方 翔吾,寺澤 洋子,松原 正樹,北原 鉄朗","","日本音響学会2014年春季研究発表会講演論文集","","2014","3","","","","無","","","","","","","","","","","","","公開","","提供(公開)",
"","kitahara.tetsurou","","","","学会発表","","","","日本語","","国内会議","","共同","旋律概形を用いた作曲支援システム：ユーザビリティ実験の報告","","土屋 裕一,北原 鉄朗","","情報処理学会第76回全国大会","","2014","3","","","","無","","","","","","","","","","学生奨励賞受賞","","","公開","","提供(公開)",
"","kitahara.tetsurou","","","","学会発表","","","","日本語","","国内会議","","共同","ベイジアンネットワークを用いた四声体和声付け:コードノードの有無による出力結果の比較","","鈴木 峻平,北原 鉄朗","","情報処理学会第76回全国大会","","2014","3","","","","無","","","","","","","","","","学生奨励賞受賞","","","公開","","提供(公開)",
"","kitahara.tetsurou","","","","学会発表","","","","日本語","","国内会議","","共同","マッシュアップ音楽作成のための選曲支援の一検討","","小林 彩夏,林　 義久,中根 晴香,北原 鉄朗","","情報処理学会第76回全国大会","","2014","3","","","","無","","","","","","","","","","学生奨励賞受賞","","","公開","","提供(公開)",
"","kitahara.tetsurou","","","","学会発表","","","","日本語","","国内会議","","共同","雑音環境下のための音声案内システム：周囲の雑音レベルに合わせた音量の自動調整","","鈴木 　光,吉永 眞宏,小暮 計貴,北原 鉄朗","","情報処理学会第76回全国大会","","2014","3","","","","無","","","","","","","","","","","","","公開","","提供(公開)",
"","kitahara.tetsurou","","","","学会発表","","","","日本語","","国内会議","","共同","雑音環境下のための音声案内システム:ユーザの聞き返しに基づく音量の自動調整","","小暮 計貴,吉永 眞宏,鈴木 　光,北原 鉄朗","","情報処理学会第76回全国大会","","2014","3","","","","無","","","","","","","","","","","","","公開","","提供(公開)",
"","kitahara.tetsurou","","","","学会発表","","","","日本語","","国内会議","","共同","ユーザーの習熟度に合わせた初心者向けダンス学習支援システム","","西脇 絵里子,小野澤 理紗,北原 鉄朗","","情報処理学会第76回全国大会","","2014","3","","","","無","","","","","","","","","","","","","公開","","提供(公開)",
"","kitahara.tetsurou","","","","学会発表","","","","日本語","","国内会議","","共同","騒音下における声の張り上げ現象の計算機による実現に向けて","","北原 鉄朗,小暮 計貴,吉永 眞宏,鈴木 光","","人工知能学会第39回AIチャレンジ研究会","","2014","3","","","","無","","","","","","","","","","","","","公開","","提供(公開)",
"","kitahara.tetsurou","","","","学会発表","","","","日本語","","国内会議","","共同","Kinectとワイヤレスマウスを併用したダンス学習支援システムの試作","","山内 雅史,篠本 亮,西脇 絵里子,小野澤 理沙,北原 鉄朗","","Entertainment Computing 2013 (EC 2013)","","2013","10","","","","無","","","","","","","","","","","","","公開","","提供(公開)",
"","kitahara.tetsurou","","","","学会発表","","","","日本語","","国内会議","","共同","音素材の自動挿入機能を備えたループシーケンサ","","岡田 美咲,山下 雄史,北原 鉄朗","","情報処理学会 音楽情報科学 研究報告","","2013","9","","","","無","","","","","","","","","","","","","公開","","提供(公開)",
"","kitahara.tetsurou","","","","学会発表","","","","日本語","","国内会議","","共同","定量的ピアノ演奏分析のための音楽演奏表情データベース","","橋田 光代,松井 淑恵,北原 鉄朗,片寄 晴弘","","情報処理学会 音楽情報科学 研究報告","","2013","5","","","","無","","","","","","","","","","","","","公開","","提供(公開)",
"","kitahara.tetsurou","","","","学会発表","","","","日本語","","国内会議","","共同","トランペット演奏時の音高や強度の変化が口唇周囲の筋肉に及ぼす影響","","松方 翔吾,寺澤 洋子,松原 正樹,北原 鉄朗","","情報処理学会 音楽情報科学 研究報告","","2013","5","","","","無","","","","","","","","","","","","","公開","","提供(公開)",
"","kitahara.tetsurou","","","","学会発表","","","","日本語","","国内会議","","共同","ベイジアンネットワークを用いた四声体和声付け：音の前後関係を考慮したモデルを用いた検討","","鈴木 峻平,北原 鉄朗","","情報処理学会 音楽情報科学 研究報告","","2013","5","","","","無","","","","","","","","","","","","","公開","","提供(公開)",
"","kitahara.tetsurou","","","","学会発表","","","","日本語","","国内会議","","共同","トランペット演奏時における口唇周囲の筋活動と音響情報の関係性について","","松方 翔吾,北原 鉄朗","","日本音響学会2013年春季研究発表会講演論文集","","2013","3","","","","無","","","","","","","","","","","","","公開","","提供(公開)",
"","kitahara.tetsurou","","","","学会発表","","","","日本語","","国内会議","","共同","ギター演奏者のためのリアルタイムベースライン生成システム","","大塚 匡紀,北原 鉄朗","","日本音響学会2013年春季研究発表会講演論文集","","2013","3","","","","無","","","","","","","","","","","","","公開","","提供(公開)",
"","kitahara.tetsurou","","","","学会発表","","","","日本語","","国内会議","","共同","手書き入力によって盛り上がりをコントロールするループシーケンサ","","山下 雄史,岡田 美咲,北原 鉄朗","","日本音響学会2013年春季研究発表会講演論文集","","2013","3","","","","無","","","","","","","","","","","","","公開","","提供(公開)",
"","kitahara.tetsurou","","","","学会発表","","","","日本語","","国内会議","","共同","確率推論を用いた四声体和声の自動生成 －讃美歌データベースによる実験結果の報告－","","鈴木 峻平,北原 鉄朗","","日本音響学会2013年春季研究発表会講演論文集","","2013","3","","","","無","","","","","","","","","","","","","公開","","提供(公開)",
"","kitahara.tetsurou","","","","学会発表","","","","日本語","","国内会議","","共同","ジョギングのペースに再生速度を同期させるスマートフォン用音楽プレイヤー","","帆苅 隼佑,長安 達也,北原 鉄朗","","情報処理学会第75回全国大会","","2013","3","","","","無","","","","","","","","","","","","","公開","","提供(公開)",
"","kitahara.tetsurou","","","","学会発表","","","","日本語","","国内会議","","共同","ロボットを用いたメッセージ着信通知の一手法","","岡田 風由子,後藤 駿典,小林 一樹,北原 鉄朗","","情報処理学会第75回全国大会","","2013","3","","","","無","","","","","","","","","","学生奨励賞受賞","","","公開","","提供(公開)",
"","kitahara.tetsurou","","","","学会発表","","","","日本語","","国内会議","","共同","Kinectを用いたダンス学習支援システムの開発","","山内 雅史,篠本 亮,北原 鉄朗","","情報処理学会第75回全国大会","","2013","3","","","","無","","","","","","","","","","学生奨励賞受賞","","","公開","","提供(公開)",
"","kitahara.tetsurou","","","","学会発表","","","","日本語","","国内会議","","単独","CrestMuse Toolkit: ロボット聴覚ソフトウェアHARKとの連携","","北原 鉄朗","","電子情報通信学会2013年総合大会","","2013","3","","","","無","","","","","","","","","","","","","公開","","提供(公開)",
"","kitahara.tetsurou","","","","学会発表","","","","日本語","","国内会議","","共同","Kinectを用いた音源定位の性能評価","","吉永 眞宏,鈴木 光,北原 鉄朗","","電子情報通信学会2013年総合大会（ISS学生ポスターセッション）","","2013","3","","","","無","","","","","","","","","","","","","公開","","提供(公開)",
"","kitahara.tetsurou","","","","学会発表","","","","日本語","","国内会議","","共同","パネルディスカッション「その研究って音楽の必要あるの?」","","北原 鉄朗,江村 伯夫","","情報処理学会 音楽情報科学 研究報告","","2012","6","","","","無","","","","","","","","","","","","","公開","","提供(公開)",
"","kitahara.tetsurou","","","","学会発表","","","","日本語","","国内会議","","共同","旋律包絡抽出に基づく直感的な旋律編集手法","","土屋 裕一,北原 鉄朗","","情報処理学会 音楽情報科学 研究報告","","2012","6","","","","無","","","","","","","","","","","","","公開","","提供(公開)",
"","kitahara.tetsurou","","","","学会発表","","","","日本語","","国内会議","","共同","ベイジアンネットワークを用いた四声体和声付け","","鈴木 峻平,竹内 俊雄,佐藤 挂亮,北原 鉄朗","","情報処理学会 音楽情報科学 研究報告","","2012","6","","","","無","","","","","","","","","","","","","公開","","提供(公開)",
"","kitahara.tetsurou","","","","学会発表","","","","日本語","","国内会議","","共同","複数人が共有する場のためのBGM選曲手法の検討","","松本 大希,滝口 恭平,小高 大典,北原 鉄朗","","日本音響学会2012年春季研究発表会講演論文集","","2012","3","","","","無","","","","","","","","","","","","","公開","","提供(公開)",
"","kitahara.tetsurou","","","","学会発表","","","","日本語","","国内会議","","共同","旋律編集の一手法","","土屋 裕一,北原 鉄朗","","日本音響学会2012年春季研究発表会講演論文集","","2012","3","","","","無","","","","","","","","","","","","","公開","","提供(公開)",
"","kitahara.tetsurou","","","","学会発表","","","","日本語","","国内会議","","共同","確率推論を用いた四声体和声の自動生成","","鈴木 峻平,竹内 俊雄,佐藤 桂亮,北原 鉄朗","","日本音響学会2012年春季研究発表会論文集","","2012","3","","","","無","","","","","","","","","","","","","公開","","提供(公開)",
"","kitahara.tetsurou","","","","学会発表","","","","日本語","","国内会議","","共同","音楽理論に基づいた鼻歌作曲支援システム“ハミコン”","","木村 翔平,鈴木 優,鈴木 智文,北原 鉄朗","","日本音響学会2012年春季研究発表会講演論文集","","2012","3","","","","無","","","","","","","","","","","","","公開","","提供(公開)",
"","kitahara.tetsurou","","","","学会発表","","","","日本語","","国内会議","","共同","エレキギターの表情付け支援システム「Guitar-Case Maker」","","水本 直希,馬場 隆,北原 鉄朗,片寄 晴弘","","情報処理学会 音楽情報科学・音声言語情報処理 研究報告","","2012","1","","","","無","","","","","","","","","","","","","公開","","提供(公開)",
"","kitahara.tetsurou","","","","学会発表","","","","日本語","","国内会議","","共同","演奏表情付けコンテストSMC-Rencon開催報告","","橋田 光代,北原 鉄朗,鈴木 健嗣,片寄 晴弘,平田 圭二","","情報処理学会 音楽情報科学 研究報告","","2011","10","","","","無","","","","","","","","","","","","","公開","","提供(公開)",
"","kitahara.tetsurou","","","","学会発表","","","","日本語","","国内会議","","共同","擬音語と環境音の音響的関係性を考慮した環境音to擬音語変換システム","","山川 暢英,北原 鉄朗,高橋 徹,尾形 哲也,奥乃 博","","2011年度人工知能学会全国大会","","2011","6","","","","無","","","","","","","","","","","","","公開","","提供(公開)",
"","kitahara.tetsurou","","","","学会発表","","","","日本語","","国内会議","","共同","ロボット聴覚のためのMatching Pursuitによる複数環境音の同定","","山川 暢英,北原 鉄朗,高橋 徹,尾形 哲也,奧乃 博","","情報処理学会 第73回全国大会講演論文集","","2011","3","","","","無","","","","","","","","","","","","","公開","","提供(公開)",
"","kitahara.tetsurou","","","","学会発表","","","","日本語","","国内会議","","共同","音楽演奏表情データベースCrestMusePEDB 3.0: 収録演奏の公開とフレーズ構造記述について","","橋田 光代,松井 淑恵,馬場 隆,北原 鉄朗,片寄 晴弘","","情報処理学会 音楽情報科学 研究報告","","2011","2","","","","無","","","","","","","","","","","","","公開","","提供(公開)",
"","kitahara.tetsurou","","","","学会発表","","","","日本語","","国内会議","","共同","事例データに基づくエレキギターの表情付けシステム","","水本 直希,北原 鉄朗,片寄 晴弘","","情報処理学会 音楽情報科学 研究報告","","2010","10","","","","無","","","","","","","","","","","","","公開","","提供(公開)",
"","kitahara.tetsurou","","","","学会発表","","","","日本語","","国内会議","","共同","ロボット聴覚のための Matching-Pursuit による環境音の分離音認識","","山川 暢英,高橋 徹,北原 鉄朗,尾形 哲也,奥乃 博","","日本ロボット学会第28回学術講演会","","2010","9","","","","無","","","","","","","","","","","","","公開","","提供(公開)",
"","kitahara.tetsurou","","","","学会発表","","","","日本語","","国内会議","","共同","Rencon Workshop 2010: 演奏表情付けコンテスト","","橋田 光代,北原 鉄朗,鈴木 健嗣,片寄 晴弘,平田 圭二","","情報処理学会 音楽情報科学 研究報告","","2010","7","","","","無","","","","","","","","","","","","","公開","","提供(公開)",
"","kitahara.tetsurou","","","","学会発表","","","","日本語","","国内会議","","共同","音楽演奏表情データベースCrestMusePEDB ver. 2.4の概要とフレーズ構造に基づく演奏データ収録状況","","橋田 光代,松井 淑恵,北原 鉄朗,片寄 晴弘","","情報処理学会 音楽情報科学 研究報告","","2010","5","","","","無","","","","","","","","","","","","","公開","","提供(公開)",
"","kitahara.tetsurou","","","","学会発表","","","","日本語","","国内会議","","共同","環境音から擬音語への自動変換における特徴量抽出法の検討","","山川 暢英,北原 鉄朗,高橋 徹,駒谷 和範,尾形 哲也,奥乃 博","","情報処理学会第72回全国大会","","2010","3","","","","無","","","","","","","","","","","","","公開","","提供(公開)",
"","kitahara.tetsurou","","","","学会発表","","","","日本語","","国内会議","","共同","エレキギターにおける演奏情報の特徴抽出","","水本 直希,北原 鉄朗,片寄 晴弘","","情報処理学会第72回全国大会","","2010","3","","","","無","","","","","","","","","","","","","公開","","提供(公開)",
"","kitahara.tetsurou","","","","学会発表","","","","日本語","","国内会議","","共同","奄美大島民謡風歌声合成のためのコブシに着目した歌声の特徴分析","","村主 大輔,森勢 将雅,北原 鉄朗,片寄 晴弘","","情報処理学会第72回全国大会","","2010","3","","","","無","","","","","","","","","","","","","公開","","提供(公開)",
"","kitahara.tetsurou","","","","学会発表","","","","日本語","","国内会議","","共同","演奏表情付けコンテストEC-Rencon開催報告","","橋田 光代,北原 鉄朗,鈴木 健嗣,片寄 晴弘,平田 圭二","","情報処理学会 音楽情報科学 研究報告","","2009","11","","","","無","","","","","","","","","","","","","公開","","提供(公開)",
"","kitahara.tetsurou","","","","学会発表","","","","日本語","","国内会議","","共同","予測型ジャムセッションシステムBayesianBandにおける可視化機能の導入","","戸谷 直之,北原 鉄朗,片寄 晴弘","","エンターテインメントコンピューティング2009","","2009","9","","","","無","","","","","","","","","","","","","公開","","提供(公開)",
"","kitahara.tetsurou","","","","学会発表","","","","日本語","","国内会議","","共同","演奏表情付けコンテストEC-Rencon","","橋田 光代,北原 鉄朗,鈴木健嗣,平田 圭二,片寄 晴弘","","エンターテインメントコンピューティング2009","","2009","9","","","","無","","","","","","","","","","","","","公開","","提供(公開)",
"","kitahara.tetsurou","","","","ゲストスピーカ","","","","日本語","","","","","CrestMuseXML Toolkitで始める音楽情報処理入門","","","","情報処理学会 第80回音楽情報科学研究会 チュートリアル","","2009","5","","","","有","","","","","","","","","","","","","公開","","提供(公開)",
"","kitahara.tetsurou","","","","学会発表","","","","日本語","","国内会議","","単独","CrestMuseXML Toolkitで始める音楽情報処理入門","","北原 鉄朗","","情報処理学会 音楽情報科学 研究報告","","2009","5","","","","無","","","","","","","","","","","","","公開","","提供(公開)",
"","kitahara.tetsurou","","","","学会発表","","","","日本語","","国内会議","","共同","パネルディスカッション：作るだけでいいの？調べるだけでいいの？","","三浦 雅展,江村 伯夫,北原 鉄朗,若槻 尚斗,藤島 琢哉,西口 磯春,平田 圭二,柳田 益造,後藤 真孝","","情報処理学会 音楽情報科学 研究報告","","2008","12","","","","無","","","","","","","","","","","","","公開","","提供(公開)",
"","kitahara.tetsurou","","","","ゲストスピーカ","","","","日本語","","","","","パネルディスカッション：作るだけでいいの？調べるだけでいいの？","","","","情報処理学会第78回音楽情報科学研究会・日本音響学会音楽音響研究会 合同特別企画","","2008","12","","","","有","","","","","","","","","","","","","公開","","提供(公開)",
"","kitahara.tetsurou","","","","学会発表","","","","日本語","","国内会議","","共同","演奏表情付けコンテストICMPC-Rencon開催報告","","橋田 光代,片寄 晴弘,平田 圭二,北原 鉄朗,鈴木 健嗣","","情報処理学会 音楽情報科学 研究報告","","2008","12","","","","無","","","","","","","","","","","","","公開","","提供(公開)",
"","kitahara.tetsurou","","","","学会発表","","","","日本語","","国内会議","","共同","MIDIデータのベロシティを異なる音源に適応させる試み","","北原 鉄朗,片寄 晴弘","","日本音響学会2008年秋季研究発表会 講演論文集","","2008","9","","","","無","","","","","","","","","","","","","公開","","提供(公開)",
"","kitahara.tetsurou","","","","ゲストスピーカ","","","","日本語","","","","","音楽の信号処理とパターン処理の基礎技術：入門と実践","","","","情報処理学会 第76回音楽情報科学研究会 チュートリアル","","2008","8","","","","有","","","","","","","","","","","","","公開","","提供(公開)",
"","kitahara.tetsurou","","","","学会発表","","","","日本語","","国内会議","","共同","新博士によるパネルディスカッションII「楽しくさせる音楽，楽しくさせる研究」","","北原 鉄朗,平田 圭二,竹川 佳成,中野 倫靖,森勢 将雅,吉井 和佳","","情報処理学会 音楽情報科学 研究報告","","2008","8","","","","無","","","","","","","","","","","","","公開","","提供(公開)",
"","kitahara.tetsurou","","","","学会発表","","","","日本語","","国内会議","","共同","音楽音響信号を対象とした指揮演奏システム：フェルマータ時における打楽器音抑制とスケジューラの検討","","橋本 祐輔,北原 鉄朗,片寄 晴弘","","情報処理学会 音楽情報科学 研究報告","","2008","8","","","","無","","","","","","","","","","","","","公開","","提供(公開)",
"","kitahara.tetsurou","","","","学会発表","","","","日本語","","国内会議","","共同","CrestMuseXML (CMX) Toolkit ver.0.40について","","北原 鉄朗,片寄 晴弘","","情報処理学会 音楽情報科学 研究報告","","2008","5","","","","無","","","","","","","","","","","","","公開","","提供(公開)",
"","kitahara.tetsurou","","","","学会発表","","","","日本語","","国内会議","","共同","効率的なロボットプログラミング環境の実現に向けて","","小林 一樹,北原 鉄朗","","第22回人工知能学会全国大会","","2008","5","","","","無","","","","","","","","","","","","","公開","","提供(公開)",
"","kitahara.tetsurou","","","","学会発表","","","","日本語","","国内会議","","共同","演奏家型人形を利用した見えない演奏者の可視化の試み","","北原 鉄朗,小林 一樹,片寄 晴弘","","インタラクション2008（ポスター発表）","","2008","3","","","","無","","","","","","","","","","","","","公開","","提供(公開)",
"","kitahara.tetsurou","","","","学会発表","","","","日本語","","国内会議","","共同","Instrogram：多重奏中の楽器構成に関する確率論的表現法","","北原 鉄朗,後藤 真孝,奥乃 博,片寄 晴弘","","電子情報通信学会2008年総合大会","","2008","3","","","","無","","","","","","","","","","","","","公開","","提供(公開)",
"","kitahara.tetsurou","","","","学会発表","","","","日本語","","国内会議","","共同","確率文脈自由文法を用いた事例参照型自動作曲システム","","風谷 真志,北原 鉄朗,片寄 晴弘","","情報処理学会 第70回全国大会","","2008","3","","","","無","","","","","","","","","","","","","公開","","提供(公開)",
"","kitahara.tetsurou","","","","学会発表","","","","日本語","","国内会議","","共同","音響信号を対象としたベースラインからの音楽ジャンル解析","","土橋 佑亮,北原 鉄朗,片寄 晴弘","","情報処理学会 音楽情報科学/音声言語情報処理 研究報告","","2008","2","","","","無","","","","","","","","","","","","","公開","","提供(公開)",
"","kitahara.tetsurou","","","","学会発表","","","","日本語","","国内会議","","共同","ベイジアンネットワークを用いたコード・ヴォイシング推定システム","","勝占 真規子,北原 鉄朗,片寄 晴弘,長田 典子","","情報処理学会 音楽情報科学/音声言語情報処理 研究報告","","2008","2","","","","無","","","","","","","","","","","","","公開","","提供(公開)",
"","kitahara.tetsurou","","","","学会発表","","","","日本語","","国内会議","","共同","アーティストの個性を表す音楽的特徴に関する一考察","","藤田 徹,北原 鉄朗,片寄 晴弘,長田 典子","","情報処理学会 音楽情報科学/音声言語情報処理 研究報告","","2008","2","","","","無","","","","","","","","","","","","","公開","","提供(公開)",
"","kitahara.tetsurou","","","","学会発表","","","","日本語","","国内会議","","共同","パネルディスカッション「``音''研究の未来」","","後藤 真孝,亀岡 弘和,北原 鉄朗,平賀 譲,緒方 淳,戸田 智基","","情報処理学会 音楽情報科学/音声言語情報処理 研究報告","","2008","2","","","","無","","","","","","","","","","","","","公開","","提供(公開)",
"","kitahara.tetsurou","","","","ゲストスピーカ","","","","日本語","","","","","パネルディスカッション「``音''研究の未来」","","","","情報処理学会 音楽情報科学研究会・音声言語情報処理研究会 特別合同企画","","2008","2","","","","有","","","","","","","","","","","","","公開","","提供(公開)",
"","kitahara.tetsurou","","","","学会発表","","","","日本語","","国内会議","","共同","楽器音認識技術を用いた音楽の可視化","","北原 鉄朗,後藤 真孝,奥乃 博,片寄 晴弘","","Proceedings of Entertainment Computing 2007","","2007","10","","","","無","","","","","","","","","","","","","公開","","提供(公開)",
"","kitahara.tetsurou","","","","学会発表","","","","日本語","","国内会議","","共同","音楽演奏表情データベースCrestMusePEDB ver1.0の公開について","","橋田 光代,松井 淑恵,北原 鉄朗,酒造 祐介,片寄 晴弘","","情報処理学会 音楽情報科学 研究報告","","2007","10","","","","無","","","","","","","","","","","","","公開","","提供(公開)",
"","kitahara.tetsurou","","","","学会発表","","","","日本語","","国内会議","","共同","音楽情報処理のための共通データフォーマットCrestMuseXML−全体構想と基本設計方針−","","北原 鉄朗,橋田 光代,片寄 晴弘","","日本音響学会2007年秋季研究発表会 講演論文集","","2007","9","","","","無","","","","","","","","","","","","","公開","","提供(公開)",
"","kitahara.tetsurou","","","","学会発表","","","","日本語","","国内会議","","共同","音楽情報科学研究のための共通データフォーマットの確立を目指して","","北原 鉄朗,橋田 光代,片寄 晴弘","","情報処理学会 音楽情報科学 研究報告","","2007","8","","","","無","","","","","","","","","","","","","公開","","提供(公開)",
"","kitahara.tetsurou","","","","学会発表","","","","日本語","","国内会議","","共同","新博士にょるパネルディスカッション1「博士への道のりと将来への夢」","","平田 圭二,梶 克彦,亀岡 弘和,北原 鉄朗,齋藤 毅,武田 晴登,橋田 光代","","情報処理学会 音楽情報科学 研究報告","","2007","8","","","","無","","","","","","","","","","","","","公開","","提供(公開)",
"","kitahara.tetsurou","","","","ゲストスピーカ","","","","日本語","","","","","新博士によるパネルディスカッション1「博士への道のりと将来への夢」","","","","情報処理学会第71回音楽情報科学研究会","","2007","8","","","","有","","","","","","","","","","","","","公開","","提供(公開)",
"","kitahara.tetsurou","","","","学会発表","","","","日本語","","国内会議","","共同","撥弦の物理モデルを用いた音響信号からのパラメータ推定","","安部 武宏,北原 鉄朗,糸山 克寿,柳田 益造","","日本音響学会音楽音響研究会資料","","2007","3","","","","無","","","","","","","","","","","","","公開","","提供(公開)",
"","kitahara.tetsurou","","","","学会発表","","","","日本語","","国内会議","","共同","マルチメディアコンテンツにおける音楽と映像の調和に関する分析","","西山 正紘,北原 鉄朗,駒谷 和範,尾形 哲也,奥乃 博","","情報処理学会 第70回全国大会","","2007","3","","","","無","","","","","","","","","","","","","公開","","提供(公開)",
"","kitahara.tetsurou","","","","学会発表","","","","日本語","","国内会議","","共同","OnomaTree：擬音語と木構造を併用した環境音検索インターフェース","","清水 敬太,北原 鉄朗,駒谷 和範,尾形 哲也,奥乃 博","","情報処理学会 第69回全国大会","","2007","3","","","","無","","","","","","","","","","","","","公開","","提供(公開)",
"","kitahara.tetsurou","","","","学会発表","","","","日本語","","国内会議","","共同","マルチメディアコンテンツにおける音楽と映像の調和度計算モデル","","西山 正紘,北原 鉄朗,駒谷 和範,尾形 哲也,奥乃 博","","情報処理学会 音楽情報科学 研究報告","","2007","2","","","","無","","","","","","","","","","","","","公開","","提供(公開)",
"","kitahara.tetsurou","","","","学会発表","","","","日本語","","国内会議","","共同","デモンストレーション：若手による研究紹介IV","","浜中 雅俊,竹川 佳成,岩井 憲一,高橋 直也,中野 倫靖,大石 康智,糸山 克寿,北原 鉄朗,吉井 和佳","","情報処理学会 音楽情報科学 研究報告","","2006","10","","","","無","","","","","","","","","","","","","公開","","提供(公開)",
"","kitahara.tetsurou","","","","学会発表","","","","日本語","","国内会議","","共同","Instrogramを用いた類似楽曲検索","","北原 鉄朗,後藤 真孝,駒谷 和範,尾形 哲也,奥乃 博","","日本音響学会2006年秋季研究発表会 講演論文集","","2006","9","","","","無","","","","","","","","","","","","","公開","","提供(公開)",
"","kitahara.tetsurou","","","","学会発表","","","","日本語","","国内会議","","共同","Instrogram: 発音時刻検出とF0推定の不要な楽器音認識手法","","北原 鉄朗,後藤 真孝,駒谷 和範,尾形 哲也,奥乃 博","","情報処理学会 音楽情報科学 研究報告","","2006","8","","","","無","","","","","","","","","","","","","公開","","提供(公開)",
"","kitahara.tetsurou","","","","学会発表","","","","日本語","","国内会議","","共同","デモンストレーション：若手による研究紹介III","","浜中 雅俊,竹川 佳成,橋田 朋子,元川 洋一,馬場 哲晃,日暮 圭,中野 倫靖,吉井 和佳,松原 正樹,梶 克彦,北原 鉄朗","","情報処理学会 音楽情報科学 研究報告","","2006","8","","","","無","","","","","","","","","","","","","公開","","提供(公開)",
"","kitahara.tetsurou","","","","学会発表","","","","日本語","","国内会議","","共同","多重奏中特定パートの自動採譜における複数特徴量の自動重み付け","","糸山 克寿,北原 鉄朗,駒谷 和範,尾形 哲也,奥乃 博","","情報処理学会 第68回全国大会","","2006","3","","","","無","","","","","","","","","","","","","公開","","提供(公開)",
"","kitahara.tetsurou","","","","学会発表","","","","日本語","","国内会議","","共同","標題音楽アノテーションのための階層的物語タグの設計","","西山 正紘,北原 鉄朗,駒谷 和範,尾形 哲也,奥乃 博","","情報処理学会 第68回全国大会","","2006","3","","","","無","","","","","","","","","","","","","公開","","提供(公開)",
"","kitahara.tetsurou","","","","学会発表","","","","日本語","","国内会議","","共同","擬音語表現を利用した環境音のためのXMLタグの設計と自動付与","","田口 明裕,北原 鉄朗,石原 一志,駒谷 和範,尾形 哲也,奥乃 博","","情報処理学会 第68回全国大会","","2006","3","","","","無","","","","","","","","","","","","","公開","","提供(公開)",
"","kitahara.tetsurou","","","","学会発表","","","","日本語","","国内会議","","共同","Instrogram：楽器存在確率に基づく音楽視覚表現法","","北原 鉄朗,後藤 真孝,駒谷 和範,尾形 哲也,奥乃 博","","日本音響学会2006年春季研究発表会 講演論文集","","2006","3","","","","無","","","","","","","","","","","","","公開","","提供(公開)",
"","kitahara.tetsurou","","","","学会発表","","","","日本語","","国内会議","","共同","調波構造抽出と高信頼度フレーム選択を用いた雑音下での話者識別","","藤原 弘将,北原 鉄朗,後藤 真孝,駒谷 和範,尾形 哲也,奥乃 博","","日本音響学会2006年春季研究発表会 講演論文集","","2006","3","","","","無","","","","","","","","","","","","","公開","","提供(公開)",
"","kitahara.tetsurou","","","","学会発表","","","","日本語","","国内会議","","共同","ロボットによる周囲状況把握のための雑音下での環境音認識","","海尻 聡,石原 一志,北原 鉄朗,Valin Jean-Marc,駒谷 和範,尾形 哲也,奥乃 博","","計測自動制御学会 第6回システムインテグレーション部門講演会 (SI2005)","","2005","12","","","","無","","","","","","","","","","","","","公開","","提供(公開)",
"","kitahara.tetsurou","","","","学会発表","","","","日本語","","国内会議","","共同","混合音からの特徴量テンプレート作成と音楽的文脈の利用による多重奏の音源同定","","北原 鉄朗,後藤 真孝,駒谷 和範,尾形 哲也,奥乃 博","","日本音響学会2005年秋季研究発表会 講演論文集","","2005","9","","","","無","","","","","","","","","","","","","公開","","提供(公開)",
"","kitahara.tetsurou","","","","学会発表","","","","日本語","","国内会議","","共同","デモンストレーション：若手による研究紹介II","","浜中 雅俊,李 昇姫,池月 雄哉,石原 一志,北原 鉄朗,野池 賢二,中野 倫靖,梶 克彦,岡 良典,平田 圭二,松田 周,青木 忍,上田 健太郎","","情報処理学会 音楽情報科学 研究報告","","2005","8","","","","無","","","","","","","","","","","","","公開","","提供(公開)",
"","kitahara.tetsurou","","","","学会発表","","","","日本語","","国内会議","","共同","伴奏音抑制と高信頼度フレーム選択に基づく楽曲中の歌声の歌手名同定手法","","藤原 弘将,北原 鉄朗,後藤 真孝,駒谷 和範,尾形 哲也,奥乃 博","","情報処理学会 音楽情報科学 研究報告","","2005","8","","","","無","","","","","","","","","","","","","公開","","提供(公開)",
"","kitahara.tetsurou","","","","学会発表","","","","日本語","","国内会議","","共同","振動機能付鍵盤楽器「ぶるぶるくん」を用いた即興演奏支援システム","","北原 鉄朗,石田 克久,武田 正之","","情報処理学会 音楽情報科学 研究報告","","2005","5","","","","無","","","","","","","","","","","","","公開","","提供(公開)",
"","kitahara.tetsurou","","","","学会発表","","","","日本語","","国内会議","","共同","多重奏の音源同定のための混合音からのテンプレート作成法","","北原 鉄朗,後藤 真孝,駒谷 和範,尾形 哲也,奥乃 博","","情報処理学会 第67回全国大会","","2005","3","","","","無","","","","","","","","","","大会奨励賞","","","公開","","提供(公開)",
"","kitahara.tetsurou","","","","学会発表","","","","日本語","","国内会議","","共同","歌声の調波構造抽出を用いた歌手名の同定","","藤原 弘将,北原 鉄朗,後藤 真孝,尾形 哲也,奥乃 博","","情報処理学会 第67回全国大会","","2005","3","","","","無","","","","","","","","","","","","","公開","","提供(公開)",
"","kitahara.tetsurou","","","","学会発表","","","","日本語","","国内会議","","共同","統計モデルに基づく旋律妥当性判定手法を用いた即興演奏支援","","石田 克久,北原 鉄朗,武田 正之","","日本音響学会2004年秋季研究発表会 講演論文集","","2004","9","","","","無","","","","","","","","","","","","","公開","","提供(公開)",
"","kitahara.tetsurou","","","","学会発表","","","","日本語","","国内会議","","共同","混合音テンプレートを用いた多重奏の音源同定","","北原 鉄朗,後藤 真孝,奥乃 博","","情報処理学会 音楽情報科学 研究報告","","2004","8","","","","無","","","","","","","","","","","","","公開","","提供(公開)",
"","kitahara.tetsurou","","","","学会発表","","","","日本語","","国内会議","","共同","和音区間検出と和音名同定の相互依存性を解決する和音認識手法","","吉岡 拓也,北原 鉄朗,尾形 哲也,奥乃 博","","情報処理学会 音楽情報科学 研究報告","","2004","8","","","","無","","","","","","","","","","","","","公開","","提供(公開)",
"","kitahara.tetsurou","","","","学会発表","","","","日本語","","国内会議","","共同","デモンストレーション：若手による研究紹介","","浜中 雅俊,北原 鉄朗,石田 克久,谷井 章夫,竹川 佳成,吉井 和佳,宮下 芳明,上 田 健太郎","","情報処理学会 音楽情報科学 研究報告","","2004","8","","","","無","","","","","","","","","","","","","公開","","提供(公開)",
"","kitahara.tetsurou","","","","学会発表","","","","日本語","","国内会議","","共同","TimbreTree：音色の類似度に基づいた楽器の階層的分類","","北原 鉄朗,後藤 真孝,奥乃 博","","日本音響学会 音楽音響研究会 資料","","2004","6","","","","無","","","","","","","","","","","","","公開","","提供(公開)",
"","kitahara.tetsurou","","","","学会発表","","","","日本語","","国内会議","","共同","音楽音響信号を対象とした和音進行の認識","","吉岡 拓也,北原 鉄朗,尾形 哲也,奥乃 博","","日本音響学会 音楽音響研究会 資料","","2004","6","","","","無","","","","","","","","","","","","","公開","","提供(公開)",
"","kitahara.tetsurou","","","","学会発表","","","","日本語","","国内会議","","共同","未知の楽器を考慮する楽器音の音源同定","","北原 鉄朗,後藤 真孝,奥乃 博","","情報処理学会 第66回全国大会","","2004","3","","","","無","","","","","","","","","","学生奨励賞","","","公開","","提供(公開)",
"","kitahara.tetsurou","","","","学会発表","","","","日本語","","国内会議","","共同","音楽音響信号を対象とした和音変化時刻と和音名の同時認識","","吉岡 拓也,吉井 和佳,北原 鉄朗,櫻庭 洋平,尾形 哲也,奥乃 博","","情報処理学会 第66回全国大会","","2004","3","","","","無","","","","","","","","","","","","","公開","","提供(公開)",
"","kitahara.tetsurou","","","","学会発表","","","","日本語","","国内会議","","共同","ism：即興演奏支援のためのリアルタイム旋律補正システム","","石田 克久,北原 鉄朗,武田 正之","","情報処理学会 ヒューマンインターフェース研究会/音楽情報科学研究会 研究報告","","2003","11","","","","無","","","","","","","","","","","","","公開","","提供(公開)",
"","kitahara.tetsurou","","","","学会発表","","","","日本語","","国内会議","","共同","音響的特徴に基づく楽器の階層表現の獲得とそれに基づくカテゴリーレベルの楽器音認識の検討","","北原 鉄朗,後藤 真孝,奥乃 博","","情報処理学会 音楽情報科学 研究報告","","2003","8","","","","無","","","","","","","","","","","","","公開","","提供(公開)",
"","kitahara.tetsurou","","","","学会発表","","","","日本語","","国内会議","","共同","自己組織化マップによる教師なしクラスタリングを利用したドラム演奏の自動採譜","","吉井 和佳,北原 鉄朗,櫻庭 洋平,奥乃 博","","情報処理学会 音楽情報科学 研究報告","","2003","8","","","","無","","","","","","","","","","","","","公開","","提供(公開)",
"","kitahara.tetsurou","","","","学会発表","","","","日本語","","国内会議","","共同","パネルディスカッション「音楽情報処理研究者\{に，が\}望むこと」","","後藤 真孝,平田 圭二,片寄 晴弘,平井 重行,濱中 雅俊,武田 晴登,北原 鉄朗","","情報処理学会 音楽情報科学 研究報告","","2003","8","","","","無","","","","","","","","","","","","","公開","","提供(公開)",
"","kitahara.tetsurou","","","","ゲストスピーカ","","","","日本語","","","","","パネルディスカッション「音楽情報処理研究者\{に，が\}望むこと」","","","","情報処理学会第51回音楽情報科学研究会","","2003","8","","","","有","","","","","","","","","","","","","公開","","提供(公開)",
"","kitahara.tetsurou","","","","学会発表","","","","日本語","","国内会議","","共同","音響的類似性に基づく楽器音の階層的クラスタリング","","北原 鉄朗,後藤 真孝,奥乃 博","","情報処理学会 第64回全国大会","","2003","3","","","","無","","","","","","","","","","学生奨励賞","","","公開","","提供(公開)",
"","kitahara.tetsurou","","","","学会発表","","","","日本語","","国内会議","","共同","教師なしクラスタリングと認識誤りパターンを利用した打楽器音の音源同定","","吉井 和佳,北原 鉄朗,櫻庭 洋平,奥乃 博","","情報処理学会 第64回全国大会","","2003","3","","","","無","","","","","","","","","","","","","公開","","提供(公開)",
"","kitahara.tetsurou","","","","学会発表","","","","日本語","","国内会議","","共同","統計的アプローチに基づく即興演奏補正","","石田 克久,北原 鉄朗,柳川 貴央,奥乃 博","","情報処理学会 第64回全国大会","","2003","3","","","","無","","","","","","","","","","","","","公開","","提供(公開)",
"","kitahara.tetsurou","","","","学会発表","","","","日本語","","国内会議","","共同","音色空間の音高依存性を考慮した楽器音の音源同定","","北原 鉄朗,後藤 真孝,奥乃 博","","日本音響学会2002年秋季研究発表会 講演論文集","","2002","9","","","","無","","","","","","","","","","","","","公開","","提供(公開)",
"","kitahara.tetsurou","","","","学会発表","","","","日本語","","国内会議","","共同","楽器音を対象とした音源同定：音高による音色変化を考慮する識別手法の検討","","北原 鉄朗,後藤 真孝,奥乃 博","","情報処理学会 音楽情報科学 研究報告","","2002","7","","","","無","","","","","","","","","","","","","公開","","提供(公開)",
"","kitahara.tetsurou","","","","学会発表","","","","日本語","","国内会議","","共同","即興演奏における演奏補正システム","","柳川 貴央,北原 鉄朗,武田 正之","","情報処理学会 第64回全国大会","","2002","3","","","","無","","","","","","","","","","","","","公開","","提供(公開)",
"","kitahara.tetsurou","","","","学会発表","","","","日本語","","国内会議","","共同","音高による音色変化に着目した音源同定手法","","北原 鉄朗,後藤 真孝,奥乃 博","","情報処理学会 音楽情報科学 研究報告","","2001","5","","","","無","","","","","","","","","","","","","公開","","提供(公開)",
"","kitahara.tetsurou","","","","学会発表","","","","日本語","","国内会議","","共同","楽器音オントロジー作成のための楽器音特徴抽出","","北原 鉄朗,後藤 真孝,奥乃 博","","情報処理学会 第62回全国大会","","2001","3","","","","無","","","","","","","","","","","","","公開","","提供(公開)",
